{
    "current_high": 516.375,
    "highest_point": [
        193,
        516.375
    ],
    "lower_highs": [],
    "current_low": null,
    "lowest_point": null,
    "higher_lows": [],
    "slope": -0.11993333333331672,
    "intercept": 526.483266666665,
    "previous_candles": [
        {
            "open": 516.28,
            "high": 516.375,
            "low": 516.11,
            "close": 516.34,
            "timestamp": "2024-05-06T14:58:00.127398",
            "type": "resistance_17 PDH",
            "candle_index": 193
        }
    ]
}