{
    "current_high": null,
    "highest_point": null,
    "lower_highs": [],
    "current_low": 502.27,
    "lowest_point": [
        121,
        502.27
    ],
    "higher_lows": [
        [
            129,
            503.35
        ],
        [
            146,
            502.8199
        ],
        [
            130,
            503.04
        ],
        [
            135,
            503.49
        ],
        [
            151,
            503.0201
        ],
        [
            145,
            502.61
        ],
        [
            148,
            503.11
        ],
        [
            131,
            502.64
        ],
        [
            150,
            502.99
        ],
        [
            149,
            502.7
        ]
    ],
    "slope": 0.037499999999999055,
    "intercept": 501.19250000000005,
    "previous_candles": [
        {
            "open": 503.235,
            "high": 503.43,
            "low": 503.0201,
            "close": 503.33,
            "timestamp": "2024-04-16T13:34:00.137439",
            "type": "PDHL PDL",
            "candle_index": 151
        }
    ]
}